fecha,plataforma,seguidores,likes,comentarios
2024-07-09,TikTok,798,88,26
2025-02-15,YouTube,1300,113,7
2025-04-22,Facebook,1392,108,25
2025-05-24,X,828,133,11
2025-01-24,Facebook,847,98,26
2025-05-30,Instagram,979,112,14
2024-11-14,Instagram,928,145,21
2024-08-28,Instagram,1424,135,23
2025-02-01,TikTok,925,89,26
2025-04-21,YouTube,872,96,12
2024-06-16,Facebook,755,90,7
2024-07-08,YouTube,1428,144,10
2025-04-03,X,1277,99,14
2024-11-04,YouTube,1506,137,21
2024-08-02,Facebook,883,129,13
2025-03-30,YouTube,1338,123,10
2025-02-18,Facebook,1390,152,19
2025-04-12,Facebook,1345,123,8
2024-10-20,TikTok,1335,75,24
2025-04-03,X,1386,137,7
2024-08-30,Facebook,781,133,16
2025-02-24,TikTok,1521,93,15
2025-04-07,TikTok,949,102,12
2024-11-03,Facebook,1211,119,8
2024-06-28,X,959,94,25
2025-05-31,YouTube,970,110,10
2024-12-09,Facebook,951,114,17
2024-10-10,Facebook,1261,81,24
2024-08-16,Facebook,1229,141,25
2025-03-06,Instagram,973,106,15
2025-05-10,Instagram,909,107,16
2025-01-29,TikTok,981,115,21
2024-06-13,YouTube,1195,78,9
2025-02-18,Facebook,1022,134,11
2024-09-28,Facebook,1453,100,13
2024-07-11,TikTok,1298,145,21
2024-07-26,YouTube,1163,144,9
2025-05-19,TikTok,912,98,15
2025-06-05,YouTube,1006,106,17
2024-12-13,Facebook,1510,91,19
2025-04-28,TikTok,946,126,16
2025-04-20,X,980,127,25
2025-03-08,YouTube,1269,125,13
2025-05-28,Facebook,932,83,11
2024-09-13,YouTube,974,128,13
2025-02-03,TikTok,1245,95,10
2024-11-10,X,1291,97,19
2025-03-23,TikTok,1010,80,19
2025-03-18,YouTube,882,135,10
2025-01-12,TikTok,1217,124,25
2024-07-11,YouTube,837,125,9
2025-03-29,TikTok,931,82,17
2024-09-04,TikTok,1319,132,10
2024-12-09,YouTube,1405,83,25
2024-10-16,YouTube,1189,132,11
2025-05-09,TikTok,1254,77,22
2025-01-28,Instagram,1253,144,26
2024-10-25,X,936,102,7
2025-05-31,Instagram,922,84,14
2024-07-31,X,1088,141,25
2024-12-27,X,863,78,25
2025-03-05,X,825,125,7
2024-12-01,TikTok,1120,85,26
2024-07-01,X,829,109,24
2025-03-13,X,1357,108,8
2024-09-06,X,1096,118,21
2024-10-08,X,1232,93,8
2024-07-01,X,1461,104,20
2024-10-25,X,1112,89,21
2025-04-21,X,1328,127,10
2024-12-01,Instagram,1513,85,22
2024-12-29,Instagram,1163,116,12
2024-06-29,YouTube,1313,143,8
2024-11-01,Facebook,1135,108,20
2025-03-16,Instagram,840,83,13
2025-06-06,YouTube,1512,129,25
2025-01-08,TikTok,1209,87,19
2025-02-10,YouTube,1333,95,21
2024-07-14,YouTube,1017,107,15
2025-04-23,Instagram,870,76,21
2024-10-30,X,1356,151,24
2024-08-26,X,1305,106,9
2025-01-27,YouTube,1108,80,20
2024-10-01,YouTube,782,110,26
2025-03-02,Facebook,1367,141,19
2024-07-29,X,1044,79,21
2024-08-03,YouTube,1399,115,9
2025-04-05,Instagram,1056,91,19
2024-10-05,Instagram,926,126,24
2024-09-17,Facebook,893,101,14
2024-06-12,Facebook,1516,122,7
2025-05-28,YouTube,1315,112,26
2025-01-16,YouTube,1478,135,10
2024-08-27,Facebook,909,130,13
2024-12-27,Facebook,1368,108,19
2025-05-21,YouTube,769,97,12
2025-04-26,Instagram,1116,132,21
2025-02-22,Facebook,817,125,26
2024-07-13,X,1042,99,20
2025-02-24,TikTok,967,139,11
2024-12-18,TikTok,1309,109,14
2024-11-26,Instagram,1304,96,12
2024-08-09,Instagram,1408,128,15
2025-04-20,Instagram,988,152,22
2025-01-30,X,771,119,17
2024-07-26,Instagram,1329,77,25
2025-03-29,X,1024,96,8
2025-03-27,TikTok,875,80,16
2024-08-20,Instagram,946,75,17
2024-12-13,YouTube,1357,105,18
2024-12-14,Instagram,850,114,25
2024-09-24,X,841,110,22
2024-09-13,TikTok,809,99,7
2024-11-22,Facebook,1122,82,16
2024-11-29,X,1427,130,26
2024-12-03,TikTok,1216,113,25
2025-01-29,YouTube,837,89,24
2024-06-29,Facebook,775,141,10
2025-05-05,YouTube,1275,127,12
2024-06-17,Facebook,856,148,16
2024-10-13,TikTok,1283,134,20
2024-09-20,Facebook,1020,123,19
2025-01-04,Instagram,1097,130,26
2025-02-24,X,1438,133,18
2024-07-09,YouTube,1177,78,8
2025-02-04,Instagram,1121,125,12
2024-12-14,Facebook,868,124,7
2025-04-25,YouTube,1183,100,13
2024-08-04,TikTok,1256,143,8
2025-05-09,Instagram,1462,103,12
2024-10-27,Facebook,1496,89,26
2024-07-07,X,975,112,14
2024-06-12,TikTok,1509,141,25
2025-04-23,X,1293,86,12
2025-04-24,Facebook,1178,102,21
2024-09-01,TikTok,1006,87,12
2025-01-08,YouTube,1084,115,7
2025-02-04,TikTok,981,145,14
2024-09-09,X,1337,113,18
2024-10-24,Facebook,1046,82,25
2024-12-26,YouTube,762,112,10
2024-07-22,Facebook,934,80,15
2024-11-27,X,1383,94,16
2024-07-02,Instagram,944,106,21
2025-01-20,X,1087,78,11
2025-01-19,Instagram,1275,152,13
2025-04-05,YouTube,1075,112,14
2025-01-21,YouTube,1178,124,7
2024-07-21,TikTok,1100,98,22
2025-06-06,YouTube,1311,124,24
2025-04-26,X,1447,96,20
2025-01-06,TikTok,1203,107,26
2025-02-23,YouTube,1333,122,8
2024-07-24,TikTok,805,119,20
2024-11-18,TikTok,1342,88,18
2024-09-14,X,964,126,26
2024-09-03,Instagram,1438,151,24
2024-11-27,YouTube,1089,131,12
2025-03-11,Instagram,1037,93,14
2025-01-31,Facebook,967,127,24
2025-03-20,Facebook,1255,128,15
2024-12-24,Instagram,937,113,12
2024-08-10,YouTube,1321,77,13
2025-03-21,TikTok,1336,151,19
2024-11-27,Facebook,1051,135,17
2025-06-06,Facebook,1357,95,12
2024-10-27,X,1516,102,24
2024-08-13,Facebook,1085,133,10
2024-12-18,YouTube,781,87,15
2024-08-12,Instagram,1378,116,15
2024-11-19,Instagram,781,129,11
2024-10-22,TikTok,1497,147,16
2024-07-05,YouTube,1139,144,7
2024-07-03,Facebook,1329,83,17
2024-08-15,Facebook,915,120,26
2025-05-02,TikTok,1447,133,11
2025-01-07,X,1077,143,25
2025-02-12,YouTube,1392,87,13
2024-08-18,X,1011,122,16
2024-10-19,Instagram,1360,149,7
2025-01-06,YouTube,787,100,25
2024-09-14,Instagram,1289,145,23
2025-05-12,X,1045,130,14
2025-05-08,TikTok,1258,127,15
2025-04-17,YouTube,1518,135,16
2024-06-14,TikTok,1262,141,25
2025-05-31,YouTube,1373,97,16
2024-08-24,X,1507,149,24
2024-09-04,TikTok,857,89,23
2025-04-28,Facebook,1266,78,25
2024-07-03,X,1123,78,13
2024-12-10,TikTok,1170,111,26
2025-04-19,X,1106,141,23
2025-05-08,YouTube,1104,126,14
2024-07-01,Instagram,1415,147,13
2024-09-04,X,857,109,13
2024-10-19,Facebook,1135,104,26
2025-04-15,Instagram,879,117,13
2024-10-23,YouTube,1325,116,20
2025-03-06,Instagram,806,145,11
2024-08-14,TikTok,751,137,20
2024-08-16,Instagram,775,125,15
2024-08-01,Facebook,1503,76,14
2024-11-18,YouTube,1196,128,20
2024-07-29,Instagram,1028,133,17
2024-10-29,Facebook,1412,136,13
2025-02-05,X,1143,109,11
2024-12-23,Instagram,1264,82,14
2024-07-15,X,835,120,21
2025-02-12,Instagram,1420,141,8
2024-11-18,X,1026,80,16
2024-08-15,X,1266,83,11
2025-05-13,X,1451,110,14
2024-12-02,X,1031,85,20
2024-07-11,Facebook,971,125,21
2024-08-16,YouTube,812,137,12
2025-01-27,TikTok,918,80,24
2025-02-08,X,1127,84,26
2025-03-20,X,1499,145,12
2025-01-30,YouTube,995,96,8
2024-11-24,YouTube,855,129,7
2025-06-06,TikTok,870,86,21
2025-03-18,YouTube,1389,120,14
2024-07-16,TikTok,1220,75,9
2024-06-13,X,1185,100,22
2024-12-01,TikTok,1169,135,11
2025-02-13,Instagram,1064,114,14
2025-01-13,X,912,151,26
2025-03-06,YouTube,787,121,7
2024-09-13,TikTok,1314,83,15
2024-06-26,TikTok,1181,114,23
2024-07-02,Instagram,1469,127,20
2025-03-16,X,834,115,8
2025-04-06,YouTube,1375,121,21
2024-10-04,Instagram,839,152,22
2025-02-27,Instagram,1184,113,9
2024-12-22,Facebook,935,135,20
2025-06-01,Facebook,1000,102,17
2024-11-26,TikTok,1370,80,15
2025-01-13,X,1238,114,7
2024-06-28,TikTok,1453,152,12
2024-10-12,Instagram,1268,146,17
2024-07-01,TikTok,860,149,8
2025-02-17,Instagram,937,76,26
2025-04-14,Instagram,949,133,15
2024-09-29,TikTok,1292,132,25
2025-02-07,TikTok,1089,94,19
2025-04-16,YouTube,1473,140,9
2024-07-03,X,1272,132,23
2025-03-16,YouTube,1358,118,13
2025-05-07,X,793,78,25
2025-04-17,X,1386,146,7
2025-03-06,YouTube,1176,139,14
2025-02-23,Facebook,1447,112,25
2025-05-15,YouTube,1389,104,24
2024-11-13,TikTok,821,107,26
2024-07-21,X,1388,124,15
2024-09-16,YouTube,1315,148,14
2024-10-01,TikTok,1321,96,14
2025-05-12,Instagram,1497,86,9
2025-04-26,Instagram,816,118,20
2025-02-06,X,1481,75,15
2024-10-29,X,808,152,15
2024-09-21,Instagram,1153,101,12
2024-11-05,TikTok,1168,117,26
2025-01-03,YouTube,1024,133,21
2024-07-03,Facebook,1357,107,11
2025-01-14,YouTube,1405,86,20
2024-11-02,Facebook,1251,125,26
2025-06-03,YouTube,1334,88,26
2024-10-01,Facebook,1085,143,7
2024-10-13,Facebook,1520,128,11
2025-01-11,TikTok,988,112,7
2025-03-06,Facebook,1248,132,18
2025-04-26,TikTok,792,83,16
2025-01-24,YouTube,913,110,25
2025-02-19,X,1140,82,26
2025-01-03,X,1502,119,7
2025-04-02,X,1295,109,8
2025-04-24,X,1367,117,22
2024-11-01,Facebook,1066,130,25
2024-06-29,Facebook,1188,125,9
2025-05-05,Facebook,1367,76,10
2025-01-18,X,1036,125,8
2024-08-01,X,1288,95,18
2024-10-01,X,1085,118,13
2024-10-27,YouTube,1112,152,24
2024-11-29,TikTok,958,152,12
2024-11-30,X,1401,136,18
2024-08-28,Instagram,1101,136,17
2025-02-05,Instagram,1246,81,17
2025-01-24,X,1302,134,15
2024-10-15,Facebook,1057,122,23
2025-06-02,YouTube,1383,105,10
2024-07-16,Facebook,1074,119,23
2024-06-17,TikTok,860,84,11
2025-01-14,Instagram,1494,120,7
2024-11-10,Facebook,833,151,24
2024-09-17,X,888,150,16
2024-11-14,YouTube,852,138,18
2025-01-14,Instagram,1441,103,10
2024-11-27,Instagram,1042,113,23
2024-10-18,X,1493,75,19
2025-05-05,X,1068,96,13
2025-06-04,Instagram,1264,134,7
2024-12-31,X,968,91,20
2025-03-28,YouTube,768,138,20
2025-01-08,TikTok,1351,123,17
2025-01-05,YouTube,1498,136,9
2024-06-13,TikTok,929,77,18
2025-05-23,YouTube,1055,127,12
2024-08-02,YouTube,1192,120,18
2025-03-12,YouTube,1485,112,12
2024-12-25,Facebook,1233,107,25
2024-09-18,Instagram,1139,83,17
2025-02-04,TikTok,776,86,17
2024-08-10,X,1262,76,22
2025-06-06,YouTube,1016,139,14
2024-09-11,TikTok,1032,116,26
2024-10-08,X,860,82,19
2025-03-31,Facebook,1293,138,26
2024-09-05,YouTube,895,104,19
2025-05-27,YouTube,798,95,15
2024-07-12,Facebook,1491,90,25
2024-09-02,X,1299,86,26
2024-10-05,Facebook,1334,105,16
2024-07-11,YouTube,1029,82,12
2024-07-20,X,1177,118,11
2025-03-23,YouTube,924,105,19
2024-09-14,Facebook,1406,103,23
2025-01-04,TikTok,790,145,10
2025-05-17,YouTube,1250,133,9
2024-10-21,Instagram,1196,141,14
2025-02-22,X,1512,145,20
2024-10-02,X,821,149,17
2025-03-12,Facebook,1038,144,24
2024-08-13,TikTok,1142,87,17
2025-05-04,Instagram,1332,108,22
2025-01-21,X,1119,114,22
2025-04-16,X,874,131,24
2025-04-20,X,1442,77,21
2024-11-26,TikTok,941,114,10
2024-09-19,Instagram,1351,112,17
2025-01-27,X,1511,121,14
2024-09-02,Facebook,1365,135,10
2025-04-23,Facebook,953,107,13
2025-01-26,Facebook,1260,91,17
2024-08-09,X,764,128,20
2025-02-21,YouTube,1185,99,11
2025-04-05,Instagram,799,78,24
2024-12-25,Facebook,818,146,23
2024-08-19,YouTube,1379,151,25
2025-05-16,YouTube,1476,118,18
2025-02-13,TikTok,806,125,24
2024-06-22,Facebook,935,91,26
2024-09-22,X,932,75,9
2024-08-07,YouTube,1236,78,26
2024-07-11,TikTok,1181,105,20
2025-02-22,TikTok,1121,142,14
2025-03-11,TikTok,1386,102,23
2024-06-28,Facebook,1273,135,7
2024-10-09,Instagram,1323,103,18
2025-01-06,TikTok,759,105,26
2024-07-15,X,816,91,10
2024-08-08,Instagram,1058,145,18
2025-01-25,Facebook,924,120,12
2025-01-18,Facebook,1245,131,17
2024-06-27,Facebook,1274,133,11
2024-07-26,X,1474,92,19
2025-02-03,Facebook,1252,115,21
2025-04-11,Instagram,954,75,25
2024-08-14,Facebook,1371,130,8
2025-01-20,Instagram,1055,138,20
2024-07-03,TikTok,1087,99,24
2025-01-31,YouTube,798,139,7
2025-03-15,Facebook,1089,150,18
2024-11-25,TikTok,784,83,22
2024-08-19,YouTube,823,85,24
2024-10-13,Instagram,1197,141,20
2025-03-13,Instagram,866,122,26
2025-02-06,YouTube,1187,128,8
2024-11-09,X,770,151,10
2025-02-23,Instagram,972,87,10
2024-11-06,Facebook,1210,108,24
2025-05-14,TikTok,1474,103,19
2024-08-30,YouTube,867,143,22
2025-05-29,Facebook,1431,102,21
2024-12-27,Facebook,1384,137,20
2025-02-13,Facebook,831,142,14
2024-11-19,Facebook,1191,114,18
2024-12-18,X,1239,98,25
2025-04-13,TikTok,1351,89,21
2024-12-23,TikTok,1304,99,26
2025-01-15,Instagram,837,115,14
2024-09-26,TikTok,1189,145,26
2024-12-18,TikTok,1365,131,12
2024-06-21,X,1246,98,11
2025-04-18,Instagram,986,134,9
2024-11-17,TikTok,914,93,15
2024-12-11,Facebook,784,144,11
2024-08-17,TikTok,1143,91,13
2024-07-11,TikTok,1020,76,26
2024-12-21,Facebook,1144,137,14
2024-11-08,Facebook,767,91,16
2024-09-08,X,1264,83,15
2025-05-06,Facebook,1471,132,14
2025-04-02,Instagram,1118,96,26
2025-02-16,TikTok,1071,78,25
2024-12-22,TikTok,1484,79,13
2024-06-16,TikTok,1259,96,13
2025-05-08,X,1211,103,8
2024-11-13,YouTube,982,104,9
2024-07-28,Instagram,1507,77,22
2025-01-29,Instagram,890,139,8
2025-02-18,Instagram,900,110,23
2025-05-15,Instagram,901,125,7
2025-04-29,TikTok,1270,142,23
2025-05-13,X,980,131,17
2024-08-10,Instagram,1283,143,18
2025-02-20,Instagram,951,129,21
2025-03-31,Facebook,771,130,21
2024-12-12,X,1157,134,24
2024-12-04,Facebook,973,99,8
2025-04-18,Instagram,1165,75,25
2024-08-03,TikTok,782,145,22
2024-06-11,Facebook,1497,125,24
2025-04-22,TikTok,1486,88,26
2024-10-25,X,1028,81,12
2024-11-18,X,852,107,12
2024-08-13,X,1298,81,18
2024-06-23,Instagram,1133,135,22
2025-01-23,YouTube,1203,122,17
2024-12-14,Facebook,1327,99,26
2025-03-15,Facebook,1058,78,26
2025-05-31,YouTube,1497,105,12
2024-09-28,Facebook,1325,90,23
2024-12-17,YouTube,1412,82,9
2025-02-04,TikTok,1356,107,11
2025-05-24,Instagram,1422,141,15
2024-12-25,TikTok,901,95,23
2024-10-20,TikTok,850,80,7
2024-08-10,X,861,136,18
2024-08-22,X,1159,135,16
2024-09-11,Instagram,1306,93,23
2024-10-26,Facebook,856,113,19
2024-10-17,Instagram,1315,75,13
2024-08-30,Instagram,1054,132,17
2024-12-15,Instagram,1167,136,22
2024-10-26,Facebook,873,84,24
2025-04-09,Facebook,796,150,23
2025-01-02,YouTube,1394,140,14
2024-08-28,Instagram,1169,95,13
2024-11-24,Facebook,1109,113,18
2024-06-11,X,1085,118,10
2025-02-06,Facebook,1393,87,20
2024-12-31,Facebook,1082,116,13
2024-06-15,YouTube,873,135,8
2025-01-21,YouTube,1076,122,18
2024-12-22,Facebook,1364,84,19
2025-04-18,TikTok,755,90,20
2024-08-26,TikTok,1283,129,11
2025-05-24,TikTok,937,150,20
2025-03-11,YouTube,839,143,20
2025-02-24,X,1317,104,10
2025-01-11,Facebook,1521,77,23
2025-02-16,X,1463,109,21
2025-02-24,X,977,115,24
2024-09-23,Instagram,1121,81,22
2024-10-02,YouTube,1079,93,21
2024-12-28,TikTok,1286,100,16
2024-12-20,Instagram,1280,83,12
2025-05-15,Facebook,1103,104,11
2024-08-13,Facebook,1349,122,13
2024-12-12,Instagram,1250,103,7
2024-07-21,Instagram,1116,150,21
2025-02-15,Instagram,908,89,12
2024-10-06,YouTube,1438,112,7
2024-08-23,Facebook,1256,143,9
2024-12-02,Instagram,1289,146,13
2024-08-10,TikTok,1332,86,22
2024-12-23,Facebook,971,85,10
2024-08-02,Instagram,1194,131,26
2024-07-20,YouTube,1385,143,17
2024-06-29,Instagram,1406,98,11
2024-12-15,Facebook,939,92,21
2024-08-01,TikTok,1472,125,19
2025-01-12,X,1461,147,20
2024-11-14,X,875,126,17
2025-05-24,YouTube,1469,83,10
2024-09-21,Facebook,1429,82,18
2024-12-27,X,905,151,7
2024-06-17,YouTube,1188,125,13
2024-07-31,TikTok,1262,139,12
2024-06-10,X,1135,75,20
2025-05-10,Facebook,1476,124,17
2025-03-14,Instagram,759,108,22
2024-07-24,Instagram,1158,130,13
2025-02-10,Facebook,1502,107,9
2024-08-08,YouTube,964,144,16
2024-06-09,Instagram,804,92,24
2024-11-26,X,910,77,20
2025-04-20,YouTube,1128,98,17
2024-11-11,TikTok,1058,117,11
2025-03-10,YouTube,1061,96,20
2025-04-15,Instagram,805,98,22
2024-12-12,Facebook,964,91,7
2024-08-12,YouTube,963,86,10
2024-12-28,YouTube,1487,135,12
2024-08-15,Facebook,1332,79,18
2025-02-12,TikTok,1135,150,23
2025-03-11,YouTube,752,117,10
2024-10-18,X,1511,150,9
2024-07-07,Instagram,1374,131,24
2024-09-02,Facebook,1009,86,24
2024-07-01,YouTube,1286,135,11
2024-10-30,TikTok,1031,148,16
2025-03-24,X,850,91,16
2024-06-24,TikTok,808,85,19
2025-06-02,YouTube,1203,97,24
2025-04-05,X,1079,108,17
2024-09-13,X,921,107,12
2024-07-31,TikTok,1205,141,12
2024-09-17,X,954,105,19
2024-11-08,X,937,105,26
2024-09-04,TikTok,1522,110,13
2024-11-18,TikTok,1268,146,22
2025-05-21,X,1032,124,8
2024-10-19,YouTube,1468,112,17
2025-04-14,TikTok,1301,149,13
2025-04-09,YouTube,1512,150,14
2024-08-07,X,791,92,12
2024-11-23,Instagram,1357,120,15
2025-02-05,Instagram,963,136,15
2024-12-17,Facebook,1209,81,26
2024-08-07,Instagram,1503,125,25
2024-09-29,Facebook,1281,149,11
2025-04-23,YouTube,1048,83,26
2025-04-28,X,826,88,11
2025-05-08,TikTok,1195,137,21
2024-12-04,TikTok,926,85,17
2025-01-13,YouTube,1291,83,21
2025-04-10,Instagram,1419,122,24
2025-05-15,YouTube,1054,94,16
2025-04-17,Facebook,774,125,21
2025-02-19,TikTok,868,146,17
2024-07-11,Instagram,1041,120,14
2025-05-16,X,1478,137,17
2024-12-13,TikTok,1025,127,26
2024-09-19,X,769,113,17
2024-08-02,TikTok,1362,86,8
2025-05-09,X,1386,119,15
2024-10-10,TikTok,1286,77,26
2024-06-17,Instagram,1156,121,25
2024-10-30,TikTok,1127,135,10
2024-07-01,Facebook,1407,100,12
2025-02-14,TikTok,875,92,9
2024-10-24,Facebook,1505,103,7
2025-02-03,Instagram,1150,102,7
2025-03-17,Instagram,1104,131,12
2025-02-02,Facebook,1084,106,11
2024-12-07,TikTok,1076,109,18
2024-07-29,TikTok,1072,122,15
2025-05-05,X,842,75,8
2025-02-16,YouTube,1455,145,8
2024-10-09,Facebook,1345,82,12
2025-01-02,Facebook,1334,142,8
2025-01-28,YouTube,1009,103,17
2024-10-14,Facebook,935,104,16
2024-12-17,YouTube,1464,134,13
2024-11-21,Instagram,922,147,20
2024-12-24,Instagram,1049,127,16
2024-07-14,YouTube,1231,94,16
2024-08-01,YouTube,1045,99,14
2025-02-18,TikTok,1419,95,19
2024-09-02,Facebook,1388,89,9
2024-10-07,Facebook,1210,113,17
2024-12-26,X,1477,139,16
2024-08-01,YouTube,1246,78,15
2024-07-08,YouTube,1396,126,11
2024-11-20,Instagram,1112,152,25
2025-03-26,TikTok,1381,143,22
2024-11-09,TikTok,1062,144,13
2025-02-13,YouTube,1339,139,13
2025-05-15,Instagram,971,123,17
2025-03-18,YouTube,841,119,7
2024-08-19,Facebook,1245,127,25
2024-10-08,X,1242,119,12
2025-05-10,YouTube,1131,114,20
2024-06-10,Facebook,1132,103,16
2025-03-12,X,758,99,11
2025-04-25,YouTube,1050,85,13
2024-07-08,Facebook,1215,129,26
2024-09-18,TikTok,1331,133,22
2024-07-30,Instagram,890,102,26
2025-05-17,TikTok,819,99,23
2024-06-13,X,906,136,24
2024-08-27,X,1424,144,22
2024-09-15,Facebook,1012,90,25
2024-10-13,Facebook,1249,103,18
2024-11-15,Instagram,995,83,19
2024-11-04,Facebook,1432,123,26
2025-05-31,YouTube,1089,79,25
2025-04-25,YouTube,870,101,25
2025-05-30,X,875,93,17
2024-09-28,YouTube,1489,121,23
2025-04-15,YouTube,751,86,21
2024-11-07,YouTube,1076,130,10
2025-01-17,Facebook,1132,88,23
2024-09-14,Facebook,828,145,10
2024-06-11,X,1256,133,23
2025-01-17,YouTube,1053,93,8
2025-04-25,YouTube,1288,103,12
2024-08-17,X,963,117,13
2025-06-08,X,1465,139,16
2025-04-27,TikTok,899,145,14
2024-12-09,TikTok,1111,102,10
2025-05-24,TikTok,1133,112,19
2024-11-18,X,906,76,14
2024-11-21,X,995,148,14
2024-10-10,Instagram,1514,97,8
2025-03-28,X,1132,132,19
2024-06-22,X,1258,92,19
2025-03-25,TikTok,1056,102,11
2024-12-19,Facebook,1218,78,16
2024-06-21,TikTok,1403,128,17
2024-11-16,X,1334,117,13
2025-06-02,X,1421,145,14
2024-07-29,Instagram,857,148,12
2024-07-14,Facebook,1403,75,24
2024-11-30,Instagram,972,118,13
2025-05-25,YouTube,1268,85,12
2024-07-20,X,1192,110,16
2025-03-03,Facebook,933,94,13
2025-03-06,Facebook,1361,103,7
2024-07-07,YouTube,1004,106,12
2024-09-02,X,1324,145,9
2025-05-07,X,986,120,24
2025-02-28,X,1146,95,8
2024-07-12,Facebook,943,123,13
2025-01-04,YouTube,1281,84,17
2024-12-31,TikTok,1095,94,25
2024-12-11,Facebook,1481,89,15
2024-10-21,Instagram,1485,132,25
2024-11-27,TikTok,1463,151,26
2024-10-03,Instagram,1290,122,13
2025-04-23,X,781,98,26
2025-04-17,Instagram,1514,77,22
2025-02-28,X,1132,130,9
2025-04-20,Instagram,1444,76,9
2025-04-04,Instagram,913,77,22
2024-10-09,Instagram,1032,144,8
2025-02-01,X,1113,125,12
2025-05-12,Facebook,1504,142,20
2024-08-13,X,993,103,15
2025-04-18,X,828,106,10
2024-11-25,YouTube,964,128,11
2025-03-21,TikTok,1335,83,8
2025-01-07,Instagram,860,94,25
2024-06-22,Instagram,1052,143,14
2025-03-14,X,1226,126,8
2025-01-31,Facebook,979,96,25
2025-03-27,Facebook,837,103,17
2024-07-14,YouTube,1108,114,23
2024-06-20,Instagram,931,96,13
2025-04-08,TikTok,1343,89,21
2024-09-08,X,1444,110,17
2024-08-31,TikTok,843,93,18
2024-10-02,Instagram,1137,146,20
2025-01-04,X,765,110,10
2024-10-04,Instagram,1288,133,11
2025-04-29,TikTok,874,147,22
2024-07-20,TikTok,783,90,12
2024-07-09,Instagram,830,150,9
2025-03-09,YouTube,991,148,10
2024-11-18,YouTube,1131,96,12
2024-07-25,TikTok,1121,137,22
2024-12-10,Instagram,933,137,19
2024-06-18,Instagram,817,133,23
2025-05-09,X,1470,78,20
2024-07-15,Facebook,1254,109,13
2024-08-31,X,1384,84,7
2024-12-08,Instagram,1265,144,17
2024-08-09,TikTok,1066,140,11
2024-12-06,X,1233,149,13
2024-09-12,X,1513,118,23
2024-06-25,TikTok,787,144,7
2025-02-19,TikTok,1164,108,25
2025-04-25,Facebook,1158,144,20
2025-02-09,TikTok,806,135,17
2024-11-24,YouTube,1403,121,13
2024-08-01,YouTube,1281,101,7
2024-06-19,Instagram,1510,122,23
2025-01-26,X,874,87,8
2025-02-21,X,1441,76,19
2024-08-23,Instagram,1388,89,15
2024-09-09,X,781,136,11
2025-04-30,Instagram,1186,141,14
2024-11-25,Facebook,1235,88,18
2025-05-17,Facebook,764,86,14
2025-01-31,Instagram,1214,115,23
2025-05-19,TikTok,1057,121,12
2024-06-14,X,1086,132,11
2024-09-07,Facebook,1204,125,11
2024-12-01,TikTok,967,146,16
2024-09-04,X,1213,77,26
2025-05-22,Facebook,852,97,25
2024-07-27,X,1404,94,13
2024-07-02,X,1384,126,19
2025-05-07,Facebook,1249,145,19
2025-01-27,Facebook,1358,133,21
2024-06-16,Facebook,1433,79,15
2025-03-02,X,1395,86,20
2025-01-03,Facebook,1381,128,16
2025-06-08,Facebook,1070,88,23
2024-12-25,X,910,115,15
2025-05-10,YouTube,1456,76,20
2024-07-30,X,801,116,11
2024-06-25,TikTok,1107,143,24
2025-05-03,YouTube,922,120,25
2025-05-24,TikTok,1484,133,17
2024-07-29,X,1517,120,10
2024-11-19,YouTube,1088,117,7
2024-11-19,TikTok,936,135,13
2025-05-09,TikTok,1012,129,24
2025-05-12,TikTok,1411,136,13
2024-09-08,YouTube,893,123,10
2025-03-14,X,1195,141,15
2024-12-20,TikTok,1215,129,13
2024-08-09,Instagram,1211,120,24
2025-01-26,X,1406,115,20
2024-10-19,Facebook,1355,101,10
2024-10-02,X,1067,77,16
2025-05-31,X,1152,124,7
2024-09-12,YouTube,864,93,8
2024-08-14,TikTok,860,104,12
2024-12-21,Facebook,1476,113,9
2025-04-18,Facebook,1389,115,19
2025-06-06,Facebook,1356,101,24
2025-01-27,Instagram,1515,137,7
2025-01-13,Facebook,1329,146,8
2024-12-10,Facebook,1273,103,11
2025-06-02,Facebook,1488,119,15
2024-11-11,X,1390,77,7
2024-11-14,YouTube,1039,115,10
2024-11-08,TikTok,1368,124,15
2024-06-14,Instagram,888,93,13
2025-02-16,X,1091,150,22
2024-11-29,X,1514,125,10
2024-10-24,YouTube,804,103,8
2024-09-12,Instagram,988,150,24
2025-02-18,TikTok,1135,119,13
2024-12-15,YouTube,1011,85,26
2024-07-04,Facebook,891,89,7
2025-01-21,YouTube,1252,113,26
2025-03-08,YouTube,1291,125,20
2025-01-29,X,1217,84,24
2024-10-25,X,1044,95,10
2024-10-16,X,1242,145,8
2024-10-12,X,883,106,18
2024-06-23,X,944,89,25
2024-09-23,Facebook,1139,146,15
2025-01-19,YouTube,938,81,14
2025-01-26,YouTube,1342,94,24
2025-01-20,X,972,95,11
2024-07-15,X,1247,88,12
2024-11-16,Facebook,1381,86,23
2024-12-05,X,1166,88,19
2025-05-17,Instagram,1437,121,14
2024-07-08,Instagram,1015,137,8
2024-12-10,Instagram,1381,129,8
2025-02-23,X,788,123,23
2025-05-27,TikTok,1175,121,20
2024-12-20,X,1521,123,10
2025-02-21,TikTok,1279,120,14
2024-09-21,Instagram,1218,120,8
2025-03-26,YouTube,798,124,21
2025-03-31,Facebook,974,97,26
2024-11-30,Instagram,1205,89,8
2024-08-13,TikTok,1505,85,22
2024-12-01,Instagram,1312,140,13
2024-09-09,YouTube,1335,124,24
2024-09-18,YouTube,1278,130,7
2024-07-17,TikTok,1311,92,7
2025-04-06,X,1444,124,16
2024-10-25,Instagram,831,77,26
2025-04-03,Facebook,1092,104,11
2024-09-02,X,1327,120,14
2025-01-04,Instagram,948,134,16
2024-11-12,TikTok,930,75,26
2024-06-10,X,897,134,8
2024-09-01,Facebook,1352,91,12
2025-01-04,TikTok,865,119,24
2025-03-14,Instagram,1008,152,19
2025-01-13,YouTube,1026,107,14
2025-01-30,YouTube,1147,135,21
2024-09-06,TikTok,1468,98,14
2025-04-15,YouTube,994,148,16
2025-05-02,X,1358,142,9
2025-03-18,X,793,99,10
2024-08-10,Facebook,751,145,21
2024-08-02,Facebook,1269,129,19
2025-02-15,TikTok,1518,87,23
2024-11-22,YouTube,1205,148,20
2025-03-01,YouTube,890,118,15
2025-03-29,Instagram,1156,130,8
2025-01-27,YouTube,1368,129,22
2024-07-02,YouTube,1462,130,20
2025-03-12,X,1323,136,19
2025-01-22,Facebook,1155,130,12
2025-01-05,X,1466,98,13
2024-07-31,TikTok,1078,79,11
2024-10-10,Instagram,1393,111,8
2025-02-11,X,1203,151,25
2025-05-01,Facebook,1072,85,17
2024-11-17,YouTube,927,106,16
2025-04-07,TikTok,1189,105,7
2024-07-18,X,1392,120,23
2025-04-07,YouTube,963,78,14
2025-05-22,Facebook,1005,128,21
2025-03-29,TikTok,1199,128,24
2024-07-21,YouTube,1143,147,9
2025-02-19,TikTok,861,78,10
2025-01-10,Instagram,875,148,14
2024-08-15,TikTok,789,109,11
2024-08-22,Facebook,1036,109,13
2025-03-20,Instagram,1412,95,15
2024-11-20,Instagram,1368,148,11
2025-04-25,YouTube,765,99,15
2024-10-30,Facebook,1433,144,25
2024-12-06,Instagram,1193,151,23
2025-04-12,Facebook,1069,128,23
2024-08-10,YouTube,1016,148,24
2024-07-24,YouTube,1470,131,17
2024-06-12,YouTube,1479,83,22
2024-11-14,Instagram,1089,110,15
2024-10-31,TikTok,911,78,7
2025-01-17,TikTok,1306,78,20
2025-03-12,TikTok,1478,135,18
2025-02-19,X,1521,89,10
2025-05-08,Instagram,825,124,26
2024-12-23,Instagram,983,150,11
2024-12-04,YouTube,947,119,23
2025-05-15,TikTok,1280,89,21
2024-08-11,YouTube,1146,112,12
2024-10-22,Instagram,802,103,16
2024-07-01,Facebook,1352,104,21
2024-08-25,Instagram,1334,110,17
2025-02-05,YouTube,875,103,17
2024-10-16,YouTube,765,83,16
2025-04-23,TikTok,1278,86,8
2024-11-14,X,1021,80,22
2025-03-30,Facebook,1120,100,25
2024-11-10,Instagram,1008,108,13
2024-08-10,Instagram,1471,135,15
2024-06-14,X,962,132,22
2024-07-25,TikTok,1063,123,17
2025-02-21,Facebook,1199,112,12
2024-06-14,X,1425,104,23
2024-06-30,Instagram,1212,119,8
2025-01-17,Instagram,1186,112,14
2024-08-11,YouTube,913,114,14
2025-04-27,TikTok,1313,86,22
2024-07-08,X,1110,92,20
2024-12-27,X,879,83,21
2025-02-18,TikTok,1305,115,17
2025-04-30,Facebook,1520,99,23
2025-02-07,TikTok,1226,151,7
2024-11-05,TikTok,1010,130,26
2024-10-19,X,1044,110,20
2024-09-06,X,1190,95,19
2024-07-28,YouTube,788,124,13
2024-08-17,TikTok,866,150,13
2024-07-18,Facebook,1052,148,19
2025-03-26,X,1046,110,9
2025-04-05,YouTube,1257,140,8
2025-06-04,Instagram,831,144,7
2025-04-03,TikTok,1044,145,13
2024-11-12,TikTok,1334,149,8
2024-06-30,TikTok,756,81,18
2024-06-15,X,1247,138,11
2025-02-27,TikTok,1109,119,24
2025-03-22,Instagram,1059,150,26
2024-07-14,TikTok,786,120,24
2024-12-01,TikTok,1470,79,18
2024-08-07,X,1503,100,18
2025-03-08,TikTok,1182,145,22
2024-07-17,Facebook,1156,147,17
2024-12-14,X,756,109,18
2025-05-22,TikTok,1470,124,10
2024-11-12,Facebook,1340,96,19
2024-08-08,X,1111,147,10
2024-09-06,Facebook,1489,82,15
2025-03-29,X,1281,128,22
2025-02-07,TikTok,1497,92,11
2024-08-08,YouTube,1296,111,11
2025-03-27,X,1055,131,15
2024-10-26,Facebook,979,129,26
2025-04-11,X,1211,127,25
2024-12-14,Instagram,1160,151,11
2024-07-23,X,1197,104,26
2024-12-19,Facebook,1508,101,17
2024-10-24,TikTok,1306,144,7
2024-07-16,Instagram,1504,151,13
2024-06-30,TikTok,1451,77,7
2024-12-07,X,868,104,16
2024-09-15,X,1200,143,19
2024-07-30,Instagram,1303,123,16
2025-03-26,Facebook,799,136,22
2024-09-12,TikTok,1243,127,8
2024-09-03,Instagram,1486,94,26
2024-12-11,YouTube,1245,147,10
2024-10-03,Instagram,1265,96,18
2025-04-06,Instagram,921,81,15
2024-07-19,TikTok,1127,145,19
2024-07-13,YouTube,1152,123,19
2024-10-09,X,996,127,25
2024-11-17,Facebook,1106,111,25
2025-02-11,TikTok,782,79,23
2025-02-07,YouTube,949,117,16
2024-09-21,YouTube,986,131,16
2025-05-09,YouTube,1266,130,23
2024-08-11,TikTok,1511,82,7
2024-08-13,X,1170,108,16
2025-02-04,X,1120,146,22
2025-02-11,Instagram,906,80,13
2025-01-12,X,1389,149,12
2025-05-10,YouTube,1237,88,23
2024-08-03,TikTok,1217,138,16
2025-01-16,TikTok,1110,126,24
2024-06-24,TikTok,770,127,8
2024-07-19,Instagram,753,75,15
2025-03-21,Instagram,1199,129,14
2024-10-28,Facebook,993,83,11
2025-05-19,Facebook,1159,123,23
2025-03-11,YouTube,1037,147,23
2025-04-12,Instagram,1312,141,13
2024-10-28,Facebook,779,78,26
2025-04-09,Instagram,1296,150,10
2024-08-11,Facebook,1463,150,17
2024-11-29,YouTube,1434,133,14
2024-11-25,Facebook,1064,121,16
2024-08-10,Facebook,1093,130,21
2025-01-05,Facebook,796,131,9
2025-02-25,TikTok,1013,80,15
2024-08-13,Instagram,1416,144,23
2025-01-26,Facebook,950,113,21
2025-04-17,YouTube,1186,137,14
2025-06-04,YouTube,1410,144,24
2024-11-08,YouTube,1374,88,13
2025-03-20,X,856,117,10
2024-12-17,X,924,85,24
2024-07-20,Facebook,1089,107,16
2024-11-07,Facebook,869,150,26
2024-08-05,TikTok,788,113,7
2025-02-22,TikTok,1154,136,23
2025-06-01,X,1442,132,22
2024-09-23,TikTok,927,140,21
2024-12-20,YouTube,1276,94,22
2024-10-13,YouTube,1108,76,22
2025-01-31,Instagram,1366,110,24
2024-11-02,Instagram,1487,108,15
2025-03-14,X,1150,80,24
2025-05-27,YouTube,1285,122,9
2024-08-11,YouTube,1407,98,17
2024-08-06,Facebook,904,107,8
2025-04-07,X,1147,130,18
2024-07-18,X,943,112,22
2025-02-06,Instagram,1241,141,7
2024-06-28,X,911,130,23
2024-06-21,Facebook,1339,143,25
2024-08-25,X,1427,110,15
2024-08-26,Instagram,1490,110,12
2025-04-16,TikTok,1366,130,18
2024-09-16,X,1289,115,11
2024-09-10,Facebook,857,142,25
2024-12-30,X,851,130,19
2025-02-26,X,1016,144,23
2024-06-21,X,1332,75,14
2025-04-27,YouTube,1277,89,9
2025-02-02,X,1008,108,21
2025-01-20,Instagram,988,92,24
2024-12-13,YouTube,788,115,15
2025-04-05,TikTok,1129,103,12
2024-07-07,X,1293,145,7
2024-12-13,Facebook,1006,93,12
2024-11-25,TikTok,1220,77,7
2025-02-23,Facebook,902,81,7
2024-07-21,YouTube,985,94,25
2024-07-16,X,956,105,23
2025-01-13,TikTok,1479,125,16
2024-12-19,Instagram,1426,102,21
2024-11-22,TikTok,950,132,11
2025-02-18,TikTok,802,111,26
2024-11-01,X,1293,93,16
2025-02-16,X,989,135,22
2025-02-19,YouTube,1388,121,8
2024-09-28,Instagram,882,131,16
2025-01-23,X,858,107,9
2024-08-05,Facebook,1351,134,21
2024-08-07,Facebook,1035,105,23
